"id","title","type","release","year","end","studio","platform","saga","phase","earth","univName","universe","inuniv","dpos","dateCertainty","runtime","seasons","episodes","gross","budget","director","connections","tmdbId","poster"
"iron-man","Iron Man","film","2008-05-02","2008",,"Marvel Studios","Theatrical","Infinity Saga","Phase One","Earth-199999","The Sacred Timeline","mcu","2010","4","official","126",,,"585796247","140000000","Jon Favreau","1","1726","78lPtwv72eTNqFW9COBYI0dWDJa.jpg"
"incredible-hulk","The Incredible Hulk","film","2008-06-13","2008",,"Marvel Studios","Theatrical","Infinity Saga","Phase One","Earth-199999","The Sacred Timeline","mcu","2011","6","official","112",,,"264770996","150000000","Louis Leterrier","3","1724","gKzYx79y0AQTL4UAk1cBQJ3nvrm.jpg"
"iron-man-2","Iron Man 2","film","2010-05-07","2010",,"Marvel Studios","Theatrical","Infinity Saga","Phase One","Earth-199999","The Sacred Timeline","mcu","2011","5","official","125",,,"623933331","200000000","Jon Favreau","0","10138","6WBeq4fCfn7AN0o21W9qNcRF2l9.jpg"
"thor","Thor","film","2011-05-06","2011",,"Marvel Studios","Theatrical","Infinity Saga","Phase One","Earth-199999","The Sacred Timeline","mcu","2011","8","official","114",,,"449326618","150000000","Kenneth Branagh","1","10195","prSfAi1xGrhLQNxVSUFh61xQ4Qy.jpg"
"cap-first-avenger","Captain America: The First Avenger","film","2011-07-22","2011",,"Marvel Studios","Theatrical","Infinity Saga","Phase One","Earth-199999","The Sacred Timeline","mcu","1943–1945","1","official","124",,,"370569774","140000000","Joe Johnston","2","1771","vSNxAJTlD0r02V9sPYpOjqDZXUK.jpg"
"avengers","The Avengers","film","2012-05-04","2012",,"Marvel Studios","Theatrical","Infinity Saga","Phase One","Earth-199999","The Sacred Timeline","mcu","2012","10","official","143",,,"1520538536","220000000","Joss Whedon","1","24428","RYMX2wcKCBAr24UyPD7xwmjaTn.jpg"
"iron-man-3","Iron Man 3","film","2013-05-03","2013",,"Marvel Studios","Theatrical","Infinity Saga","Phase Two","Earth-199999","The Sacred Timeline","mcu","2012–2013","13","official","130",,,"1215577205","200000000","Shane Black","2","68721","qhPtAc1TKbMPqNvcdXSOn9Bn7hZ.jpg"
"thor-dark-world","Thor: The Dark World","film","2013-11-08","2013",,"Marvel Studios","Theatrical","Infinity Saga","Phase Two","Earth-199999","The Sacred Timeline","mcu","2013","12","official","112",,,"644783140","170000000","Alan Taylor","1","76338","wp6OxE4poJ4G7c0U2ZIXasTSMR7.jpg"
"cap-winter-soldier","Captain America: The Winter Soldier","film","2014-04-04","2014",,"Marvel Studios","Theatrical","Infinity Saga","Phase Two","Earth-199999","The Sacred Timeline","mcu","2014","15","official","136",,,"714421503","170000000","Anthony & Joe Russo","1","100402","tVFRpFw3xTedgPGqxW0AOI8Qhh0.jpg"
"gotg","Guardians of the Galaxy","film","2014-08-01","2014",,"Marvel Studios","Theatrical","Infinity Saga","Phase Two","Earth-199999","The Sacred Timeline","mcu","2014","16","official","122",,,"773350147","170000000","James Gunn","2","118340","r7vmZjiyZw9rpJMQJdXpjgiCOk9.jpg"
"gotg-2","Guardians of the Galaxy Vol. 2","film","2017-05-05","2017",,"Marvel Studios","Theatrical","Infinity Saga","Phase Three","Earth-199999","The Sacred Timeline","mcu","2014","17","official","136",,,"863756051","200000000","James Gunn","0","283995","y4MBh0EjBlMuOzv9axM4qJlmhzz.jpg"
"avengers-aou","Avengers: Age of Ultron","film","2015-05-01","2015",,"Marvel Studios","Theatrical","Infinity Saga","Phase Two","Earth-199999","The Sacred Timeline","mcu","2015","21","official","141",,,"1405018048","365000000","Joss Whedon","2","99861","4ssDuvEDkSArWEdyBl2X5EHvYKU.jpg"
"ant-man","Ant-Man","film","2015-07-17","2015",,"Marvel Studios","Theatrical","Infinity Saga","Phase Two","Earth-199999","The Sacred Timeline","mcu","2015","22","official","117",,,"519311965","130000000","Peyton Reed","1","102899","rQRnQfUl3kfp78nCWq8Ks04vnq1.jpg"
"cap-civil-war","Captain America: Civil War","film","2016-05-06","2016",,"Marvel Studios","Theatrical","Infinity Saga","Phase Three","Earth-199999","The Sacred Timeline","mcu","2016","26","official","147",,,"1155046416","250000000","Anthony & Joe Russo","3","271110","rAGiXaUfPzY7CDEyNKUofk3Kw2e.jpg"
"black-widow","Black Widow","film","2021-07-09","2021",,"Marvel Studios","Theatrical / Disney+","Infinity Saga","Phase Four","Earth-199999","The Sacred Timeline","mcu","2016","27","official","134",,,"379751655","200000000","Cate Shortland","1","497698","qAZ0pzat24kLdO3o8ejmbLxyOac.jpg"
"black-panther","Black Panther","film","2018-02-16","2018",,"Marvel Studios","Theatrical","Infinity Saga","Phase Three","Earth-199999","The Sacred Timeline","mcu","2016","28","official","134",,,"1374959729","200000000","Ryan Coogler","1","284054","uxzzxijgPIY7slzFvMotPv8wjKA.jpg"
"spider-man-homecoming","Spider-Man: Homecoming","film","2017-07-07","2017",,"Marvel Studios / Sony","Theatrical","Infinity Saga","Phase Three","Earth-199999","The Sacred Timeline","mcu","2016","29","official","133",,,"880166924","175000000","Jon Watts","2","315635","c24sv2weTHPsmDa7jEMN0m2P3RT.jpg"
"doctor-strange","Doctor Strange","film","2016-11-04","2016",,"Marvel Studios","Theatrical","Infinity Saga","Phase Three","Earth-199999","The Sacred Timeline","mcu","2016–2017","31","official","115",,,"677796076","165000000","Scott Derrickson","1","284052","uGBVj3bEbCoZbDjjl9wTxcygko1.jpg"
"thor-ragnarok","Thor: Ragnarok","film","2017-11-03","2017",,"Marvel Studios","Theatrical","Infinity Saga","Phase Three","Earth-199999","The Sacred Timeline","mcu","2017","32","official","130",,,"855301806","180000000","Taika Waititi","0","284053","rzRwTcFvttcN1ZpX2xv4j3tSdJu.jpg"
"ant-man-wasp","Ant-Man and the Wasp","film","2018-07-06","2018",,"Marvel Studios","Theatrical","Infinity Saga","Phase Three","Earth-199999","The Sacred Timeline","mcu","2018","33","official","118",,,"622674139","162000000","Peyton Reed","0","363088","cFQEO687n1K6umXbInzocxcnAQz.jpg"
"avengers-iw","Avengers: Infinity War","film","2018-04-27","2018",,"Marvel Studios","Theatrical","Infinity Saga","Phase Three","Earth-199999","The Sacred Timeline","mcu","2018","34","official","149",,,"2052415039","325000000","Anthony & Joe Russo","2","299536","7WsyChQLEftFiDOVTGkv3hFpyyt.jpg"
"captain-marvel","Captain Marvel","film","2019-03-08","2019",,"Marvel Studios","Theatrical","Infinity Saga","Phase Three","Earth-199999","The Sacred Timeline","mcu","1995","3","official","124",,,"1131416446","152000000","Anna Boden & Ryan Fleck","2","299537","AtsgWhDnHTq68L0lLsUrCnM7TjG.jpg"
"avengers-endgame","Avengers: Endgame","film","2019-04-26","2019",,"Marvel Studios","Theatrical","Infinity Saga","Phase Three","Earth-199999","The Sacred Timeline","mcu","2018 → 2023","35","official","181",,,"2799439100","356000000","Anthony & Joe Russo","1","299534","ulzhLuWrPK07P1YkdWQLZnQh1JL.jpg"
"spider-man-ffh","Spider-Man: Far From Home","film","2019-07-02","2019",,"Marvel Studios / Sony","Theatrical","Infinity Saga","Phase Three","Earth-199999","The Sacred Timeline","mcu","2024","41","official","129",,,"1138121790","160000000","Jon Watts","1","429617","4q2NNj4S5dG2RLF9CpXsej7yXl.jpg"
"shang-chi","Shang-Chi and the Legend of the Ten Rings","film","2021-09-03","2021",,"Marvel Studios","Theatrical","Multiverse Saga","Phase Four","Earth-199999","The Sacred Timeline","mcu","2024","39","official","132",,,"432243292","150000000","Destin Daniel Cretton","3","566525","9f2Q0U3IOsLgrI2HkvldwSABZy5.jpg"
"eternals","Eternals","film","2021-11-05","2021",,"Marvel Studios","Theatrical","Multiverse Saga","Phase Four","Earth-199999","The Sacred Timeline","mcu","5000 BC → 2024","42","official","156",,,"402064899","200000000","Chloé Zhao","2","524434","lFByFSLV5WDJEv3KabbdAF959F2.jpg"
"spider-man-nwh","Spider-Man: No Way Home","film","2021-12-17","2021",,"Marvel Studios / Sony","Theatrical","Multiverse Saga","Phase Four","Earth-199999","The Sacred Timeline","mcu","2024","43","official","148",,,"1928040905","200000000","Jon Watts","12","634649","1g0dhYtq4irTY1GPXvft6k4YLjm.jpg"
"deadpool-wolverine","Deadpool & Wolverine","film","2024-07-26","2024",,"Marvel Studios","Theatrical","Multiverse Saga","Phase Five","Earth-199999","The Sacred Timeline","mcu","2024 / the Void","42.5","official","128",,,"1338073645","200000000","Shawn Levy","10","533535","8cdWjvZQUExUUTzyp4t6EDMubfO.jpg"
"doctor-strange-2","Doctor Strange in the Multiverse of Madness","film","2022-05-06","2022",,"Marvel Studios","Theatrical","Multiverse Saga","Phase Four","Earth-199999","The Sacred Timeline","mcu","2024–2025","44","official","126",,,"955775804","294000000","Sam Raimi","9","453395","ddJcSKbcp4rKZTmuyWaMhuwcfMz.jpg"
"thor-love-thunder","Thor: Love and Thunder","film","2022-07-08","2022",,"Marvel Studios","Theatrical","Multiverse Saga","Phase Four","Earth-199999","The Sacred Timeline","mcu","2025","51","official","119",,,"760928081","250000000","Taika Waititi","0","616037","pIkRyD18kl4FhoCNQuWxWu5cBLM.jpg"
"black-panther-2","Black Panther: Wakanda Forever","film","2022-11-11","2022",,"Marvel Studios","Theatrical","Multiverse Saga","Phase Four","Earth-199999","The Sacred Timeline","mcu","2025","47","official","161",,,"859208836","250000000","Ryan Coogler","1","505642","sv1xJUazXeYqALzczSZ3O6nkH75.jpg"
"gotg-3","Guardians of the Galaxy Vol. 3","film","2023-05-05","2023",,"Marvel Studios","Theatrical","Multiverse Saga","Phase Five","Earth-199999","The Sacred Timeline","mcu","2026","55","official","150",,,"845555777","250000000","James Gunn","1","447365","r2J02Z2OpNTctfOSN1Ydgii51I3.jpg"
"quantumania","Ant-Man and the Wasp: Quantumania","film","2023-02-17","2023",,"Marvel Studios","Theatrical","Multiverse Saga","Phase Five","Earth-199999","The Sacred Timeline","mcu","2026","54","official","124",,,"476071180","200000000","Peyton Reed","1","640146","qnqGbB22YJ7dSs4o6M7exTpNxPz.jpg"
"the-marvels","The Marvels","film","2023-11-10","2023",,"Marvel Studios","Theatrical","Multiverse Saga","Phase Five","Earth-199999","The Sacred Timeline","mcu","2026","57","official","105",,,"206136825","274800000","Nia DaCosta","2","609681","9GBhzXMFjgcZ3FdR9w3bUMMTps5.jpg"
"cap-brave-new-world","Captain America: Brave New World","film","2025-02-14","2025",,"Marvel Studios","Theatrical","Multiverse Saga","Phase Five","Earth-199999","The Sacred Timeline","mcu","2026–2027","61","official","118",,,"415101577","180000000","Julius Onah","4","822119","pzIddUEMWhWzfvLI3TwxUG2wGoi.jpg"
"thunderbolts","Thunderbolts*","film","2025-05-02","2025",,"Marvel Studios","Theatrical","Multiverse Saga","Phase Five","Earth-199999","The Sacred Timeline","mcu","2027","62","official","127",,,"382436917","180000000","Jake Schreier","3","986056","hqcexYHbiTBfDIdDWxrxPtVndBX.jpg"
"fantastic-four-first-steps","The Fantastic Four: First Steps","film","2025-07-25","2025",,"Marvel Studios","Theatrical","Multiverse Saga","Phase Six","Earth-828","The First Family's World","e828","1960s (Earth-828)",,"n/a","114",,,"521858728","200000000","Matt Shakman","2","617126","nf5qaSEvyYSNeFH0YhSs5EsBLX9.jpg"
"spider-man-bnd","Spider-Man: Brand New Day","film","2026-07-31","2026",,"Marvel Studios / Sony","Theatrical","Multiverse Saga","Phase Six","Earth-199999","The Sacred Timeline","mcu","2028","63","inferred","145",,,"2046000000","200000000","Destin Daniel Cretton","2","969681","iPOn6DinuVyLY17YM9mKuPofV08.jpg"
"os-consultant","Marvel One-Shot: The Consultant","one-shot","2011-09-13","2011",,"Marvel Studios","Home media","Infinity Saga","Phase One","Earth-199999","The Sacred Timeline","mcu","2011","9","official","4",,,,,"Leythum","1","76122","xqNLXUUvBnfVk6m3QFGGU0Grgs7.jpg"
"os-thors-hammer","Marvel One-Shot: A Funny Thing Happened on the Way to Thor's Hammer","one-shot","2011-10-25","2011",,"Marvel Studios","Home media","Infinity Saga","Phase One","Earth-199999","The Sacred Timeline","mcu","2011","7","official","4",,,,,"Leythum","1","76535","njrOqsmFH4pxBrhcoslqLfw2OGk.jpg"
"os-item-47","Marvel One-Shot: Item 47","one-shot","2012-09-25","2012",,"Marvel Studios","Home media","Infinity Saga","Phase One","Earth-199999","The Sacred Timeline","mcu","2012","11","official","12",,,,,"Louis D'Esposito","1","119569","hnSxG8clwLuAXEkp9emc8HCUcHD.jpg"
"os-agent-carter","Marvel One-Shot: Agent Carter","one-shot","2013-09-24","2013",,"Marvel Studios","Home media","Infinity Saga","Phase Two","Earth-199999","The Sacred Timeline","mcu","1946","2.5","official","15",,,,,"Louis D'Esposito","1","211387","4vFKKWPvCVDJTOWiwReBfpAMScP.jpg"
"os-all-hail-king","Marvel One-Shot: All Hail the King","one-shot","2014-02-04","2014",,"Marvel Studios","Home media","Infinity Saga","Phase Two","Earth-199999","The Sacred Timeline","mcu","2014","14","official","14",,,,,"Drew Pearce","2","253980","y0QYZPWgeGKOvyrzi6Oz3aJPxJa.jpg"
"os-team-thor","Team Thor","short","2016-08-23","2016",,"Marvel Studios","Home media","Infinity Saga","Phase Three","Earth-199999","The Sacred Timeline","mcu","2016",,"n/a","4",,,,,"Taika Waititi","0","413279","hpHvGuMc46pppwpcW0Xk7eys3L4.jpg"
"os-team-thor-2","Team Thor: Part 2","short","2017-03-07","2017",,"Marvel Studios","Home media","Infinity Saga","Phase Three","Earth-199999","The Sacred Timeline","mcu","2016",,"n/a","4",,,,,"Taika Waititi","0","441829","2jmP71A5Un0jDNqBesDPQSN8hjJ.jpg"
"os-team-darryl","Team Darryl","short","2018-02-28","2018",,"Marvel Studios","Home media","Infinity Saga","Phase Three","Earth-199999","The Sacred Timeline","mcu","2018",,"n/a","6",,,,,"Taika Waititi","0","505945","edroTAeTEM9ILyAnumA0ALxRSne.jpg"
"os-peters-todo-list","Peter's To-Do List","short","2017-10-17","2017",,"Marvel Studios / Sony","Home media","Infinity Saga","Phase Three","Earth-199999","The Sacred Timeline","mcu","2016","29.5","inferred","4",,,,,"Jon Watts","1","758025","9OOhqOVo37DQnQ6OUPz0Qlek5Uv.jpg"
"agents-of-shield","Marvel's Agents of S.H.I.E.L.D.","series","2013-09-24","2013","2020-08-12","Marvel Television / ABC Studios","ABC","Marvel Television","—","Earth-199999","The Sacred Timeline","mcu","2012–2019","32.4","official",,"7","136",,,"Joss Whedon (dev.)","7","1403","gHUCCMy1vvj58tzE3dZqeC9SXus.jpg"
"agent-carter","Marvel's Agent Carter","series","2015-01-06","2015","2016-03-01","Marvel Television / ABC Studios","ABC","Marvel Television","—","Earth-199999","The Sacred Timeline","mcu","1946–1947","2","official",,"2","18",,,"Markus & McFeely (dev.)","4","61550","fe79VYyLp5ZBstpJ4oukpuUT3B.jpg"
"inhumans","Marvel's Inhumans","series","2017-09-29","2017","2017-11-10","Marvel Television / ABC Studios","ABC","Marvel Television","—","Earth-199999","The Sacred Timeline","mcu","2017","32.5","inferred",,"1","8",,,"Scott Buck","2","68716","zKfGip55oJ9tdzhyd9ayGyFFhuo.jpg"
"runaways","Marvel's Runaways","series","2017-11-21","2017","2019-12-13","Marvel Television / ABC Signature","Hulu","Marvel Television","—","Earth-199999","The Sacred Timeline","mcu","2017–2018","32.6","inferred",,"3","33",,,"Schwartz & Savage","1","67466","hnHEhbzh0F7kN3Ah1lzRjtQuW16.jpg"
"cloak-and-dagger","Marvel's Cloak & Dagger","series","2018-06-07","2018","2019-05-30","Marvel Television / ABC Signature","Freeform","Marvel Television","—","Earth-199999","The Sacred Timeline","mcu","2018","34.5","inferred",,"2","20",,,"Joe Pokaski","1","66190","pYnRJuBPEqZO1o4fcxBTgmKNHfy.jpg"
"helstrom","Helstrom","series","2020-10-16","2020","2020-10-16","Marvel Television / ABC Signature","Hulu","Marvel Television","—","Earth-TRN836","Helstrom","helstrom","2020",,"n/a",,"1","10",,,"Paul Zbyszewski","0","88987","5QmcKsepYpO9XYsWNLwsiULoaAu.jpg"
"modok","Marvel's M.O.D.O.K.","series","2021-05-21","2021","2021-05-21","Marvel Television / Stoopid Buddy","Hulu","Marvel Television","—","Unclassified","Unassigned Realities","unclassified","2021",,"n/a",,"1","10",,,"Oswalt & Blum","0","111312","2kXRzRjQZs9kAIm3K9MkQgsZR9C.jpg"
"hit-monkey","Marvel's Hit-Monkey","series","2021-11-17","2021","2024-07-15","Marvel Television / 20th TV Animation","Hulu","Marvel Television","—","Unclassified","Unassigned Realities","unclassified","Present day",,"n/a",,"2","20",,,"Josh Gordon & Will Speck","0","133903","1aK7hApRSDUv8xxDQXyQil7qBjN.jpg"
"netflix-daredevil","Marvel's Daredevil","series","2015-04-10","2015","2018-10-19","Marvel Television / ABC Studios","Netflix","Defenders Saga","—","Earth-199999","The Sacred Timeline","mcu","2015–2017","19","inferred",,"3","39",,,"Drew Goddard (dev.)","7","61889","QWbPaDxiB6LW2LjASknzYBvjMj.jpg"
"netflix-jessica-jones","Marvel's Jessica Jones","series","2015-11-20","2015","2019-06-14","Marvel Television / ABC Studios","Netflix","Defenders Saga","—","Earth-199999","The Sacred Timeline","mcu","2015–2019","20","inferred",,"3","39",,,"Melissa Rosenberg","3","38472","oxnWofiE9fHOgUfs9NJa6nG6NTR.jpg"
"netflix-luke-cage","Marvel's Luke Cage","series","2016-09-30","2016","2018-06-22","Marvel Television / ABC Studios","Netflix","Defenders Saga","—","Earth-199999","The Sacred Timeline","mcu","2016–2018","23","inferred",,"2","26",,,"Cheo Hodari Coker","2","62126","yzM1hMB3PUJqbISX0f421b3xOjB.jpg"
"netflix-iron-fist","Marvel's Iron Fist","series","2017-03-17","2017","2018-09-07","Marvel Television / ABC Studios","Netflix","Defenders Saga","—","Earth-199999","The Sacred Timeline","mcu","2016–2018","24","inferred",,"2","23",,,"Scott Buck","1","62127","4l6KD9HhtD6nCDEfg10Lp6C6zah.jpg"
"netflix-defenders","Marvel's The Defenders","series","2017-08-18","2017","2017-08-18","Marvel Television / ABC Studios","Netflix","Defenders Saga","—","Earth-199999","The Sacred Timeline","mcu","2016","25","inferred",,"1","8",,,"Petrie & Ramirez","4","62285","49XzINhH4LFsgz7cx6TOPcHUJUL.jpg"
"netflix-punisher","Marvel's The Punisher","series","2017-11-17","2017","2019-01-18","Marvel Television / ABC Studios","Netflix","Defenders Saga","—","Earth-199999","The Sacred Timeline","mcu","2017–2019","30","inferred",,"2","26",,,"Steve Lightfoot","3","67178","tM6xqRKXoloH9UchaJEyyRE9O1w.jpg"
"wandavision","WandaVision","series","2021-01-15","2021","2021-03-05","Marvel Studios","Disney+","Multiverse Saga","Phase Four","Earth-199999","The Sacred Timeline","mcu","2023","38","official",,"1","9",,,"Jac Schaeffer","2","85271","ijWWwINc8h71NQ8j1LTJMFSj5wr.jpg"
"tfatws","The Falcon and the Winter Soldier","series","2021-03-19","2021","2021-04-23","Marvel Studios","Disney+","Multiverse Saga","Phase Four","Earth-199999","The Sacred Timeline","mcu","2024","40","official",,"1","6",,,"Malcolm Spellman","0","88396","6kbAMLteGO8yyewYau6bJ683sw7.jpg"
"loki","Loki","series","2021-06-09","2021","2023-11-09","Marvel Studios","Disney+","Multiverse Saga","Phase Four / Five","Outside Time","The Time Variance Authority","tva","Outside time","36","official",,"2","12",,,"Michael Waldron","3","84958","kEl2t3OhXc3Zb9FBh1AuYzRTgZp.jpg"
"what-if","What If...?","series","2021-08-11","2021","2024-12-29","Marvel Studios Animation","Disney+","Multiverse Saga","Phase Four / Five","Earth-21818","The Watcher's Multiverse","whatif","Multiversal",,"n/a",,"3","26",,,"A.C. Bradley","7","224311","twlT3CSrN7QsM3AaufggPxYoyFs.jpg"
"hawkeye","Hawkeye","series","2021-11-24","2021","2021-12-22","Marvel Studios","Disney+","Multiverse Saga","Phase Four","Earth-199999","The Sacred Timeline","mcu","2024","45","official",,"1","6",,,"Jonathan Igla","2","88329","ct5pNE5dDHryHLDnxyZPYcqO1sz.jpg"
"moon-knight","Moon Knight","series","2022-03-30","2022","2022-05-04","Marvel Studios","Disney+","Multiverse Saga","Phase Four","Earth-199999","The Sacred Timeline","mcu","2025","46","official",,"1","6",,,"Jeremy Slater","0","92749","x6FsYvt33846IQnDSFxla9j0RX8.jpg"
"ms-marvel","Ms. Marvel","series","2022-06-08","2022","2022-07-13","Marvel Studios","Disney+","Multiverse Saga","Phase Four","Earth-199999","The Sacred Timeline","mcu","2025","50","official",,"1","6",,,"Bisha K. Ali","2","92782","3HWWh92kZbD7odwJX7nKmXNZsYo.jpg"
"i-am-groot","I Am Groot","series","2022-08-10","2022","2023-09-06","Marvel Studios Animation","Disney+","Multiverse Saga","Phase Four / Five","Earth-199999","The Sacred Timeline","mcu","2014","18","official",,"2","10",,,"Kirsten Lepore","1","232125","3QfQYECgu6DX5UUWCBvv1Fl0BAJ.jpg"
"she-hulk","She-Hulk: Attorney at Law","series","2022-08-18","2022","2022-10-13","Marvel Studios","Disney+","Multiverse Saga","Phase Four","Earth-199999","The Sacred Timeline","mcu","2024–2025","49","official",,"1","9",,,"Jessica Gao","3","92783","5xz2orV8f0usyrfGNshcoXHmiaV.jpg"
"werewolf-by-night","Werewolf by Night","special","2022-10-07","2022",,"Marvel Studios","Disney+","Multiverse Saga","Phase Four","Earth-199999","The Sacred Timeline","mcu","2025","52","inferred","53",,,,,"Michael Giacchino","1","894205","mvIvNKRIJPPS7WSFarFhOAGIVnU.jpg"
"gotg-holiday-special","The Guardians of the Galaxy Holiday Special","special","2022-11-25","2022",,"Marvel Studios","Disney+","Multiverse Saga","Phase Four","Earth-199999","The Sacred Timeline","mcu","2025","53","official","44",,,,,"James Gunn","1","774752","8dqXyslZ2hv49Oiob9UjlGSHSTR.jpg"
"secret-invasion","Secret Invasion","series","2023-06-21","2023","2023-07-26","Marvel Studios","Disney+","Multiverse Saga","Phase Five","Earth-199999","The Sacred Timeline","mcu","2026","56","inferred",,"1","6",,,"Kyle Bradstreet","0","114472","3rINdUPSy9AklJg74jWHOyUXuZd.jpg"
"echo","Echo","series","2024-01-09","2024","2024-01-09","Marvel Studios","Disney+ / Hulu","Multiverse Saga","Phase Five","Earth-199999","The Sacred Timeline","mcu","2025","48","inferred",,"1","5",,,"Marion Dayre","3","1295131","e1qphn14wFRA5ue5ch8cax1ijC3.jpg"
"xmen-97","X-Men '97","series","2024-03-20","2024","2026-08-12","Marvel Studios Animation","Disney+","Marvel Animation","—","Earth-92131","The '90s Animated Universe","e92131","1997 (Earth-92131)",,"n/a",,"2","19",,,"Beau DeMayo","2","138502","2HKBc5UiFw8JrruHq8S1Y7TnlW0.jpg"
"agatha-all-along","Agatha All Along","series","2024-09-18","2024","2024-10-30","Marvel Television","Disney+","Multiverse Saga","Phase Five","Earth-199999","The Sacred Timeline","mcu","2026","59","official",,"1","9",,,"Jac Schaeffer","2","138501","mGsxKwXUjojitRv2E9qMTbxbBRd.jpg"
"friendly-neighborhood-spider-man","Your Friendly Neighborhood Spider-Man","series","2025-01-29","2025",,"Marvel Studios Animation","Disney+","Marvel Animation","—","Earth-86445","Peter Parker's Other First Year","yfnsm","Alt. timeline (Earth-86445)",,"n/a",,"1","10",,,"Jeff Trammell","1","138503","kjcsNeqF52YUQ2rUBGLMHwLkxvR.jpg"
"daredevil-born-again","Daredevil: Born Again","series","2025-03-04","2025","2026-05-05","Marvel Television","Disney+","Multiverse Saga","Phase Five / Six","Earth-199999","The Sacred Timeline","mcu","2026–2027","60","inferred",,"2","17",,,"Dario Scardapane","6","202555","xDUoAsU8lQHOOoRkFiBuarmACDN.jpg"
"ironheart","Ironheart","series","2025-06-24","2025","2025-07-01","Marvel Television / Proximity","Disney+","Multiverse Saga","Phase Five","Earth-199999","The Sacred Timeline","mcu","2025","55.5","inferred",,"1","6",,,"Chinaka Hodge","1","114471","dOh6MJpdlQhYpLBhzhNQeYGKTZ5.jpg"
"eyes-of-wakanda","Eyes of Wakanda","series","2025-08-01","2025","2025-08-01","Marvel Studios Animation / Proximity","Disney+","Marvel Animation","—","Earth-199999","The Sacred Timeline","mcu","1260 BC – 1896 AD","0","official",,"1","4",,,"Todd Harris","1","241388","yuOfb1MgnaGPa4guzV0n1IFYVGN.jpg"
"marvel-zombies","Marvel Zombies","series","2025-09-24","2025","2025-09-24","Marvel Studios Animation","Disney+","Multiverse Saga","—","Earth-89521","The Zombie Reality","mz","Alt. timeline (Earth-89521)",,"n/a",,"1","4",,,"Bryan Andrews","1","138505","mwKj9ERGFXsWot0nXgQ5yMQf9I7.jpg"
"punisher-one-last-kill","The Punisher: One Last Kill","special","2026-05-12","2026",,"Marvel Television","Disney+","Multiverse Saga","Phase Six","Earth-199999","The Sacred Timeline","mcu","2027","61.5","inferred","60",,,,,"Reinaldo Marcus Green","2","1439930","qQclTgLMDvGBuUBFGHRipxkEwWR.jpg"
"wonder-man","Wonder Man","series","2026-01-27","2026","2026-01-27","Marvel Television","Disney+","Multiverse Saga","Phase Six","Earth-199999","The Sacred Timeline","mcu","2027","62.5","inferred",,"1","8",,,"Destin Daniel Cretton & Andrew Guest","1","198178","6yy9nQlFt2l6UVWzrfhszFCaZ5C.jpg"
"legion","Legion","series","2017-02-08","2017","2019-08-12","Marvel Television / FX Productions","FX","Fox Mutant Universe","—","Earth-17040","Legion","legion","Ambiguous era",,"n/a",,"3","27",,,"Noah Hawley","0","67195","xhJtYVTsdXQCIlB5hAXkMCPUG9y.jpg"
"the-gifted","The Gifted","series","2017-10-02","2017","2019-02-26","Marvel Television / 20th Century Fox TV","Fox","Fox Mutant Universe","—","Earth-17372","The Gifted","gifted","2017–2018",,"n/a",,"2","29",,,"Matt Nix","0","69629","nshCqszjTNuqhrB53vrSqWO18sE.jpg"
"raimi-spider-man","Spider-Man","film","2002-05-03","2002",,"Columbia Pictures / Sony","Theatrical","Raimi Trilogy","—","Earth-96283","The Raimi Universe","raimi","2002",,"n/a","121",,,"825025036","139000000","Sam Raimi","4","557","nXdAh5vUwERL4WGVMaee8RoDEAS.jpg"
"raimi-spider-man-2","Spider-Man 2","film","2004-06-30","2004",,"Columbia Pictures / Sony","Theatrical","Raimi Trilogy","—","Earth-96283","The Raimi Universe","raimi","2004",,"n/a","127",,,"795000000","200000000","Sam Raimi","4","558","aGuvNAaaZuWXYQQ6N2v7DeuP6mB.jpg"
"raimi-spider-man-3","Spider-Man 3","film","2007-05-04","2007",,"Columbia Pictures / Sony","Theatrical","Raimi Trilogy","—","Earth-96283","The Raimi Universe","raimi","2007",,"n/a","139",,,"894983373","258000000","Sam Raimi","3","559","sJMTTGjtjvrMZ7G0oP9D13wNUum.jpg"
"tasm","The Amazing Spider-Man","film","2012-07-03","2012",,"Columbia Pictures / Sony","Theatrical","Amazing Spider-Man Duology","—","Earth-120703","The Amazing Universe","tasm","2012",,"n/a","136",,,"757930663","230000000","Marc Webb","2","1930","jexoNYnPd6vVrmygwF6QZmWPFdu.jpg"
"tasm-2","The Amazing Spider-Man 2","film","2014-05-02","2014",,"Columbia Pictures / Sony","Theatrical","Amazing Spider-Man Duology","—","Earth-120703","The Amazing Universe","tasm","2014",,"n/a","142",,,"708982323","255000000","Marc Webb","4","102382","dGjoPttcbKR5VWg1jQuNFB247KL.jpg"
"venom","Venom","film","2018-10-05","2018",,"Columbia Pictures / Sony","Theatrical","Sony's Spider-Man Universe","—","Earth-688B","Sony's Spider-Man Universe","ssu","2018",,"n/a","112",,,"856085151","116000000","Ruben Fleischer","4","335983","2uNW4WbgBXL25BAbXGLnLqX71Sw.jpg"
"venom-2","Venom: Let There Be Carnage","film","2021-10-01","2021",,"Columbia Pictures / Sony","Theatrical","Sony's Spider-Man Universe","—","Earth-688B","Sony's Spider-Man Universe","ssu","2021",,"n/a","97",,,"506863592","110000000","Andy Serkis","4","580489","pzKsRuKLFmYrW5Q0q8E8G78Tcgo.jpg"
"morbius","Morbius","film","2022-04-01","2022",,"Columbia Pictures / Sony","Theatrical","Sony's Spider-Man Universe","—","Earth-688B","Sony's Spider-Man Universe","ssu","2022",,"n/a","104",,,"167460961","83000000","Daniel Espinosa","1","526896","Av8Z2jZhEm1FLkFzMThzz9hndJF.jpg"
"madame-web","Madame Web","film","2024-02-14","2024",,"Columbia Pictures / Sony","Theatrical","Sony's Spider-Man Universe","—","Earth-688B","Sony's Spider-Man Universe","ssu","1973 / 2003",,"n/a","116",,,"100498764","80000000","S. J. Clarkson","1","634492","rULWuutDcN5NvtiZi4FRPzRYWSh.jpg"
"venom-3","Venom: The Last Dance","film","2024-10-25","2024",,"Columbia Pictures / Sony","Theatrical","Sony's Spider-Man Universe","—","Earth-688B","Sony's Spider-Man Universe","ssu","2024",,"n/a","109",,,"478921038","120000000","Kelly Marcel","1","912649","vGXptEdgZIhPg3cGlc7e8sNPC2e.jpg"
"kraven","Kraven the Hunter","film","2024-12-13","2024",,"Columbia Pictures / Sony","Theatrical","Sony's Spider-Man Universe","—","Earth-688B","Sony's Spider-Man Universe","ssu","Present day",,"n/a","127",,,"61985608","110000000","J. C. Chandor","1","539972","1GvBhRxY6MELDfxFrete6BNhBB5.jpg"
"into-spider-verse","Spider-Man: Into the Spider-Verse","film","2018-12-14","2018",,"Sony Pictures Animation","Theatrical","Spider-Verse","—","Earth-1610B","The Spider-Verse Hub","sv","Multiversal",,"n/a","117",,,"384298736","90000000","Persichetti, Ramsey & Rothman","2","324857","iiZZdoQBEYBv6id8su7ImL0oCbD.jpg"
"across-spider-verse","Spider-Man: Across the Spider-Verse","film","2023-06-02","2023",,"Sony Pictures Animation","Theatrical","Spider-Verse","—","Earth-1610B","The Spider-Verse Hub","sv","Multiversal",,"n/a","140",,,"690897910","150000000","Dos Santos, Powers & Thompson","5","569094","8Vt6mWEReuy4Of61Lnj5Xj704m8.jpg"
"x-men","X-Men","film","2000-07-14","2000",,"20th Century Fox","Theatrical","Fox X-Men","—","Earth-10005","The Fox Mutant Timeline","fox","2000",,"n/a","104",,,"296339527","75000000","Bryan Singer","3","36657","bRDAc4GogyS9ci3ow7UnInOcriN.jpg"
"x2","X2: X-Men United","film","2003-05-02","2003",,"20th Century Fox","Theatrical","Fox X-Men","—","Earth-10005","The Fox Mutant Timeline","fox","2003",,"n/a","133",,,"407711549","125000000","Bryan Singer","3","36658","bst4alFUXCxISwdRUKSMhhkrX1M.jpg"
"x-men-last-stand","X-Men: The Last Stand","film","2006-05-26","2006",,"20th Century Fox","Theatrical","Fox X-Men","—","Earth-41578","The Erased Timeline","e41578","2006",,"n/a","104",,,"459359555","210000000","Brett Ratner","4","36668","a2xicU8DpKtRizOHjQLC1JyCSRS.jpg"
"x-men-origins-wolverine","X-Men Origins: Wolverine","film","2009-05-01","2009",,"20th Century Fox","Theatrical","Fox X-Men","—","Earth-41578","The Erased Timeline","e41578","1845–1979",,"n/a","107",,,"373062864","150000000","Gavin Hood","1","2080","yj8LbTju1p7CUJg7US2unSBk33s.jpg"
"x-men-first-class","X-Men: First Class","film","2011-06-03","2011",,"20th Century Fox","Theatrical","Fox X-Men","—","Earth-10005","The Fox Mutant Timeline","fox","1944 / 1962",,"n/a","132",,,"353624124","160000000","Matthew Vaughn","1","49538","hNEokmUke0dazoBhttFN0o3L7Xv.jpg"
"the-wolverine","The Wolverine","film","2013-07-26","2013",,"20th Century Fox","Theatrical","Fox X-Men","—","Earth-41578","The Erased Timeline","e41578","1945 / 2013",,"n/a","126",,,"414828246","120000000","James Mangold","1","76170","t2wVAcoRlKvEIVSbiYDb8d0QqqS.jpg"
"x-men-dofp","X-Men: Days of Future Past","film","2014-05-23","2014",,"20th Century Fox","Theatrical","Fox X-Men","—","Earth-10005","The Fox Mutant Timeline","fox","1973 / 2023",,"n/a","131",,,"747862775","205000000","Bryan Singer","5","127585","tYfijzolzgoMOtegh1Y7j2Enorg.jpg"
"deadpool","Deadpool","film","2016-02-12","2016",,"20th Century Fox","Theatrical","Fox X-Men","—","Earth-10005","The Fox Mutant Timeline","fox","2016",,"n/a","108",,,"782612155","58000000","Tim Miller","2","293660","3E53WEZJqP6aM84D8CckXx4pIHw.jpg"
"x-men-apocalypse","X-Men: Apocalypse","film","2016-05-27","2016",,"20th Century Fox","Theatrical","Fox X-Men","—","Earth-10005","The Fox Mutant Timeline","fox","3600 BC / 1983",,"n/a","144",,,"543934105","178000000","Bryan Singer","3","246655","ikA8UhYdTGpqbatFa93nIf6noSr.jpg"
"logan","Logan","film","2017-03-03","2017",,"20th Century Fox","Theatrical","Fox X-Men","—","Earth-17315","Logan's Last Road","logan","2029",,"n/a","137",,,"619179950","127000000","James Mangold","2","263115","fnbjcRDYn6YviCcePDnGdyAkYsB.jpg"
"deadpool-2","Deadpool 2","film","2018-05-18","2018",,"20th Century Fox","Theatrical","Fox X-Men","—","Earth-10005","The Fox Mutant Timeline","fox","2018",,"n/a","119",,,"785896609","110000000","David Leitch","2","383498","to0spRl1CMDvyUbOnbb4fTk3VAd.jpg"
"dark-phoenix","Dark Phoenix","film","2019-06-07","2019",,"20th Century Fox","Theatrical","Fox X-Men","—","Earth-10005","The Fox Mutant Timeline","fox","1975 / 1992",,"n/a","114",,,"252442974","200000000","Simon Kinberg","1","320288","cCTJPelKGLhALq3r51A9uMonxKj.jpg"
"new-mutants","The New Mutants","film","2020-08-28","2020",,"20th Century Studios","Theatrical","Fox X-Men","—","Earth-TRN414","The New Mutants","newmutants","Present day",,"n/a","94",,,"49172504","80000000","Josh Boone","1","340102","xiDGcXJTvu1lazFRYip6g1eLt9c.jpg"
"corman-fantastic-four","The Fantastic Four","film","1994-01-01","1994",,"Constantin Film / New Concorde","Unreleased","Pre-MCU Marvel Films","—","Earth-94000","The Corman Cut","corman","1994",,"n/a","90",,,,"1000000","Oley Sassone","0","22059","avJpIDOjyfdoOLINYficKvW9dEa.jpg"
"fantastic-four-2005","Fantastic Four","film","2005-07-08","2005",,"20th Century Fox","Theatrical","Pre-MCU Marvel Films","—","Earth-121698","Fox's Fantastic Four","fox4","2005",,"n/a","106",,,"333535934","100000000","Tim Story","2","9738","4YMcYEFS8sFuW3soP1HVmgR3cSm.jpg"
"fantastic-four-silver-surfer","Fantastic Four: Rise of the Silver Surfer","film","2007-06-15","2007",,"20th Century Fox","Theatrical","Pre-MCU Marvel Films","—","Earth-121698","Fox's Fantastic Four","fox4","2007",,"n/a","92",,,"301913131","130000000","Tim Story","1","1979","9wRfzTcMyyzkQxVDqBHv8RwuZOv.jpg"
"fantastic-four-2015","Fantastic Four","film","2015-08-07","2015",,"20th Century Fox","Theatrical","Pre-MCU Marvel Films","—","Earth-15866","Fant4stic","f4-2015","2007 / 2014",,"n/a","100",,,"167882881","120000000","Josh Trank","0","166424","cDroz5qSlP8xZ6tOpeYoPkBvKyL.jpg"
"blade","Blade","film","1998-08-21","1998",,"New Line Cinema","Theatrical","Blade Trilogy","—","Earth-26320","The Daywalker's World","blade","1967 / 1998",,"n/a","120",,,"131183530","45000000","Stephen Norrington","3","36647","oWT70TvbsmQaqyphCZpsnQR7R32.jpg"
"blade-2","Blade II","film","2002-03-22","2002",,"New Line Cinema","Theatrical","Blade Trilogy","—","Earth-26320","The Daywalker's World","blade","2002",,"n/a","117",,,"155010032","54000000","Guillermo del Toro","2","36586","yDHwo3eWcMiy5LnnEnlGV9iLu9k.jpg"
"blade-trinity","Blade: Trinity","film","2004-12-08","2004",,"New Line Cinema","Theatrical","Blade Trilogy","—","Earth-26320","The Daywalker's World","blade","2004",,"n/a","113",,,"128905366","65000000","David S. Goyer","2","36648","6f7iXvPOnf83MaLB1JmPzUor1rr.jpg"
"blade-series","Blade: The Series","series","2006-06-28","2006","2006-09-13","New Line Television","Spike TV","Blade Trilogy","—","Earth-26320","The Daywalker's World","blade","2006",,"n/a",,"1","13",,,"David S. Goyer","1","4619","e3pnvrKkwgX3GKI0vzgQ0igFt0l.jpg"
"ghost-rider","Ghost Rider","film","2007-02-16","2007",,"Columbia Pictures / Sony","Theatrical","Pre-MCU Marvel Films","—","Earth-121347","The Rider's Reality","gr","2007",,"n/a","110",,,"228738393","110000000","Mark Steven Johnson","2","1250","4quwR1VwZouD0YF9AaD72kQAjxH.jpg"
"ghost-rider-2","Ghost Rider: Spirit of Vengeance","film","2012-02-17","2012",,"Columbia Pictures / Sony","Theatrical","Pre-MCU Marvel Films","—","Earth-121347","The Rider's Reality","gr","2012",,"n/a","95",,,"132563930","57000000","Neveldine & Taylor","1","71676","xEoBT6lYfQNpSpTm8gJMTrQytiw.jpg"
"howard-the-duck","Howard the Duck","film","1986-08-01","1986",,"Universal Pictures","Theatrical","Pre-MCU Marvel Films","—","Earth-58470","Howard's Cleveland","howard","1986",,"n/a","111",,,"37962774","37000000","Willard Huyck","0","10658","eU0dWo8PJgsSAZFbcyHiUpuLSyW.jpg"
"punisher-1989","The Punisher","film","1989-10-05","1989",,"New World Pictures","Theatrical (intl.) / Video (US)","Pre-MCU Marvel Films","—","Earth-58627","Dolph Lundgren's Punisher","pun89","1989",,"n/a","89",,,"30000000","9000000","Mark Goldblatt","0","8867","tA0O0hYyHX7Hl2Fl8VEtGtfBtjI.jpg"
"captain-america-1990","Captain America","film","1990-12-14","1990",,"21st Century Film Corporation","Theatrical (intl.) / Video (US)","Pre-MCU Marvel Films","—","Earth-697064","Matt Salinger's Captain America","cap90","1936 / 1943 / 1993",,"n/a","97",,,,"3000000","Albert Pyun","0","13995","vdHrLFfHcJX9nlvUfG3LK2a2hq4.jpg"
"daredevil-2003","Daredevil","film","2003-02-14","2003",,"20th Century Fox","Theatrical","Pre-MCU Marvel Films","—","Earth-701306","Hell's Kitchen (2003)","dd03","2003",,"n/a","103",,,"179179718","78000000","Mark Steven Johnson","1","9480","oCDBwSkntYamuw8VJIxMRCtDBmi.jpg"
"hulk-2003","Hulk","film","2003-06-20","2003",,"Universal Pictures","Theatrical","Pre-MCU Marvel Films","—","Earth-400083","Ang Lee's Hulk","hulk03","2003",,"n/a","138",,,"245360480","137000000","Ang Lee","0","1927","UllIft2jLSBaay3zQyMV4GNdfy.jpg"
"punisher-2004","The Punisher","film","2004-04-16","2004",,"Lionsgate","Theatrical","Pre-MCU Marvel Films","—","Earth-58732","Thomas Jane's Punisher","pun04","2004",,"n/a","123",,,"54700105","33000000","Jonathan Hensleigh","0","7220","7rmA1HwYp2GKM85BL0cVwCaosGr.jpg"
"elektra","Elektra","film","2005-01-14","2005",,"20th Century Fox","Theatrical","Pre-MCU Marvel Films","—","Earth-701306","Hell's Kitchen (2003)","dd03","2005",,"n/a","97",,,"56681566","43000000","Rob Bowman","2","9947","gC6s6NKHneSrOKyQZnUMb443RKU.jpg"
"man-thing","Man-Thing","film","2005-04-30","2005",,"Lionsgate / Sci Fi Channel","TV premiere (US)","Pre-MCU Marvel Films","—","Earth-58460","The Nexus Swamp","manthing","2005",,"n/a","97",,,"1123136","5000000","Brett Leonard","0","18882","kfPPnOygXSGaBFpsCUyu7xQdkoO.jpg"
"punisher-war-zone","Punisher: War Zone","film","2008-12-05","2008",,"Lionsgate","Theatrical","Pre-MCU Marvel Films","—","Earth-47281","War Zone","punwz","2008",,"n/a","103",,,"10100036","35000000","Lexi Alexander","0","13056","oOvKJgYUIpfswGHAdW6159bPbvM.jpg"
"big-hero-6","Big Hero 6","film","2014-11-07","2014",,"Walt Disney Animation Studios","Theatrical","Disney Marvel Animation","—","Earth-14123","San Fransokyo","bh6","Near future",,"n/a","102",,,"657827828","165000000","Don Hall & Chris Williams","1","177572","2mxS4wUimwlLmI1xp6QW6NSU361.jpg"
"tv-incredible-hulk-1977","The Incredible Hulk","series","1977-11-04","1977","1982-05-12","Universal Television","CBS","Classic Marvel TV","—","Earth-400005","The Bixby Hulk","hulktv","1977–1982",,"n/a",,"5","80",,,"Kenneth Johnson","1","648","8q7uFuNuMWTWfcpnCpBuZa3KZXx.jpg"
"tv-hulk-returns","The Incredible Hulk Returns","tv-movie","1988-05-22","1988",,"New World Television","NBC","Classic Marvel TV","—","Earth-400005","The Bixby Hulk","hulktv","1988",,"n/a","100",,,,,"Nicholas Corea","2","26881","rDAWdpW0uzUj9c4YPeuanPGWHBq.jpg"
"tv-trial-of-hulk","The Trial of the Incredible Hulk","tv-movie","1989-05-07","1989",,"New World Television","NBC","Classic Marvel TV","—","Earth-400005","The Bixby Hulk","hulktv","1989",,"n/a","100",,,,,"Bill Bixby","2","26883","jaaeLvonWry3TdTXaGSu2VveNEG.jpg"
"tv-death-of-hulk","The Death of the Incredible Hulk","tv-movie","1990-02-18","1990",,"New World Television","NBC","Classic Marvel TV","—","Earth-400005","The Bixby Hulk","hulktv","1990",,"n/a","96",,,,,"Bill Bixby","1","19593","6q6CviMLR97ssODmKhxgyxQuoYp.jpg"
"tv-amazing-spider-man-1977","The Amazing Spider-Man","series","1977-09-14","1977","1979-07-06","Charles Fries Productions","CBS","Classic Marvel TV","—","Unclassified","Unassigned Realities","unclassified","1977–1979",,"n/a",,"2","13",,,"Alvin Boretz","0","4552","kUTCJhSnH3Dt0KVzcQp8DnbmsjN.jpg"
"tv-captain-america-1979","Captain America","tv-movie","1979-01-19","1979",,"Universal Television","CBS","Classic Marvel TV","—","Earth-600043","The CBS Captain America","cap79","1979",,"n/a","97",,,,,"Rod Holcomb","0","197467","gNGq4u0cymxZqGADZrx7AWrSB5m.jpg"
"tv-dr-strange-1978","Dr. Strange","tv-movie","1978-09-06","1978",,"Universal Television","CBS","Classic Marvel TV","—","Unclassified","Unassigned Realities","unclassified","1978",,"n/a","93",,,,,"Philip DeGuere Jr.","0","50468","hEyHVgBE28Jl13h2Qpbr3LH77sP.jpg"
"tv-power-pack","Power Pack","tv-movie","1991-09-28","1991",,"New World Television","Fox","Classic Marvel TV","—","Unclassified","Unassigned Realities","unclassified","1991",,"n/a","25",,,,,"Tony Bill","0","50806","8sZAIKkqzvbCKJqCGfiDOik4aKv.jpg"
"generation-x-1996","Generation X","tv-movie","1996-02-20","1996",,"Marvel Films / New World","Fox","Classic Marvel TV","—","Unclassified","Unassigned Realities","unclassified","1996",,"n/a","92",,,,,"Jack Sholder","0","26623","wqkTCfznNXtYO9UnnxComqhhHRP.jpg"
"tv-nightman","NightMan","series","1997-09-19","1997","1999-05-17","Tribune Entertainment","Syndication","Classic Marvel TV","—","Unclassified","Unassigned Realities","unclassified","1997–1999",,"n/a",,"2","44",,,"Glen A. Larson","0","13084","d5rE9WSSsRTuvfjRb9dOpnIMAOJ.jpg"
"nick-fury-1998","Nick Fury: Agent of S.H.I.E.L.D.","tv-movie","1998-05-26","1998",,"20th Century Fox Television","Fox","Classic Marvel TV","—","Unclassified","Unassigned Realities","unclassified","1998",,"n/a","96",,,,,"Rod Hardy","0","27460","4T0YjvnBaMASZkkRKxMIe6IoWO0.jpg"
"tv-mutant-x","Mutant X","series","2001-10-06","2001","2004-05-17","Marvel Studios / Tribune","Syndication","Classic Marvel TV","—","Unclassified","Unassigned Realities","unclassified","2001–2004",,"n/a",,"3","66",,,"Avi Arad","0","1449","yiKg027jdpkSsguVBI9WqliNWez.jpg"
"an-marvel-super-heroes","The Marvel Super Heroes","series","1966-09-05","1966","1966-12-02","Grantray-Lawrence Animation","Syndication","Marvel Animation","—","Unclassified","Unassigned Realities","unclassified","1966",,"n/a",,"1","65",,,"Grantray-Lawrence","0","2164","nkY0h3WxWWKIxrcpUJdziMV3IN3.jpg"
"an-spider-man-1967","Spider-Man","series","1967-09-09","1967","1970-06-14","Grantray-Lawrence / Krantz","ABC","Marvel Animation","—","Earth-67","The 1967 Cartoon","e67","1967–1970",,"n/a",,"3","52",,,"Ralph Bakshi (S2-3)","1","1482","y85QOYMhcZsEfHbrntBv5SZXH1w.jpg"
"an-fantastic-four-1967","Fantastic Four","series","1967-09-09","1967","1968-09-21","Hanna-Barbera","ABC","Marvel Animation","—","Unclassified","Unassigned Realities","unclassified","1967",,"n/a",,"1","20",,,"Hanna & Barbera","0","1651","8zwysNUXr5z3mDZSFEv1fZ8qo08.jpg"
"an-fantastic-four-1978","The New Fantastic Four","series","1978-09-09","1978","1978-12-16","DePatie-Freleng","NBC","Marvel Animation","—","Unclassified","Unassigned Realities","unclassified","1978",,"n/a",,"1","13",,,"DePatie-Freleng","0","2373","kEyV8MffIg2Zmmaif5GHeiHYHq4.jpg"
"an-spider-woman","Spider-Woman","series","1979-09-22","1979","1980-01-05","DePatie-Freleng","ABC","Marvel Animation","—","Unclassified","Unassigned Realities","unclassified","1979",,"n/a",,"1","16",,,"DePatie-Freleng","0","4784","cXiD1jVLjTyvO3w2jKq9QdlAYag.jpg"
"an-amazing-friends","Spider-Man and His Amazing Friends","series","1981-09-12","1981","1983-11-05","Marvel Productions","NBC","Marvel Animation","—","Earth-8107","The Marvel Productions Universe","e8107","1981–1983",,"n/a",,"3","24",,,"Dennis Marks","0","1269","fG5wT0tJ8HIqGBSHe47uQJhmI1A.jpg"
"an-hulk-1982","The Incredible Hulk","series","1982-09-18","1982","1982-12-11","Marvel Productions","NBC","Marvel Animation","—","Earth-8107","The Marvel Productions Universe","e8107","1982",,"n/a",,"1","13",,,"Marvel Productions","0","11328","svLkVHmyTFcU57MgkDstnMajDYT.jpg"
"an-xmen-tas","X-Men: The Animated Series","series","1992-10-31","1992","1997-09-20","Marvel Entertainment / Saban","Fox Kids","Marvel Animation","—","Earth-92131","The '90s Animated Universe","e92131","1992–1997",,"n/a",,"5","76",,,"Eric Lewald","2","4574","2OFwsFhAobczgJWnVdwd9oZAF2N.jpg"
"an-iron-man-1994","Iron Man","series","1994-09-24","1994","1996-02-24","Marvel Entertainment Group","Syndication","Marvel Animation","—","Unclassified","Unassigned Realities","unclassified","1994–1996",,"n/a",,"2","26",,,"Marvel Films","0","3097","4SdlLIkUQYylkgivWRlSqIHhasy.jpg"
"an-fantastic-four-1994","Fantastic Four","series","1994-09-24","1994","1996-02-24","Marvel Films","Syndication","Marvel Animation","—","Unclassified","Unassigned Realities","unclassified","1994–1996",,"n/a",,"2","26",,,"Marvel Films","0","2901","jPVGruDYZtImosRkNv7eZhqxT1p.jpg"
"an-spider-man-tas","Spider-Man: The Animated Series","series","1994-11-19","1994","1998-01-31","Marvel Films Animation","Fox Kids","Marvel Animation","—","Earth-92131","The '90s Animated Universe","e92131","1994–1998",,"n/a",,"5","65",,,"John Semper Jr.","0","888","1BX1HZZqDoLDx9Ry4oET6dA9293.jpg"
"an-incredible-hulk-1996","The Incredible Hulk","series","1996-09-08","1996","1997-11-23","New World / Saban","UPN","Marvel Animation","—","Unclassified","Unassigned Realities","unclassified","1996–1997",,"n/a",,"2","21",,,"Bob Forward","0","6332","wa60s9NSvrH87NFCArmobnIyNnh.jpg"
"an-silver-surfer","Silver Surfer","series","1998-02-07","1998","1998-05-16","Marvel Studios / Saban","Fox Kids","Marvel Animation","—","Unclassified","Unassigned Realities","unclassified","1998",,"n/a",,"1","13",,,"Larry Brody","0","1130","18rhdRDXAAHUTsbWtIQn2ZkjRL9.jpg"
"an-spider-man-unlimited","Spider-Man Unlimited","series","1999-10-02","1999","2001-03-31","Marvel Studios / Saban","Fox Kids","Marvel Animation","—","Unclassified","Unassigned Realities","unclassified","Counter-Earth",,"n/a",,"1","13",,,"Will Meugniot","1","10079","hNdf1WmFil9IV7rabBe6PnAmYnI.jpg"
"an-united-they-stand","The Avengers: United They Stand","series","1999-10-30","1999","2000-02-26","Marvel Studios / Saban","Fox Kids","Marvel Animation","—","Unclassified","Unassigned Realities","unclassified","1999–2000",,"n/a",,"1","13",,,"Marvel Studios","0","1300","oNd4XaBeBkOOJYKK5k76zz2Debg.jpg"
"an-xmen-evolution","X-Men: Evolution","series","2000-11-04","2000","2003-10-25","Film Roman / Marvel Studios","Kids' WB","Marvel Animation","—","Unclassified","Unassigned Realities","unclassified","2000–2003",,"n/a",,"4","52",,,"Boyd Kirkland","0","668","At5aZIKkN8zHTAXOnQR9D3b7usW.jpg"
"an-spider-man-mtv-2003","Spider-Man: The New Animated Series","series","2003-07-11","2003","2003-09-12","Mainframe / Sony","MTV","Marvel Animation","—","Earth-96283","The Raimi Universe","raimi","Between Spider-Man 1 & 2",,"n/a",,"1","13",,,"Brandon Vietti","1","1664","9g1YPyKtpB0aNlgVb0N8YASKLZN.jpg"
"an-f4-worlds-greatest","Fantastic Four: World's Greatest Heroes","series","2006-09-02","2006","2010-02-25","Marvel Studios / MoonScoop","Cartoon Network","Marvel Animation","—","Unclassified","Unassigned Realities","unclassified","2006–2007",,"n/a",,"1","26",,,"Marvel / MoonScoop","0","132","zCtCW0JlbMpzfQDAX1bO1o1KLi.jpg"
"an-spectacular-spider-man","The Spectacular Spider-Man","series","2008-03-08","2008","2009-11-18","Marvel Entertainment / Sony","The CW / Disney XD","Marvel Animation","—","Earth-26496","The Spectacular Spider-Man","spectacular","2008–2009",,"n/a",,"2","26",,,"Greg Weisman","0","3854","dCNxOhXT7c4lqYuRpdM3m8s9XDp.jpg"
"an-wolverine-and-xmen","Wolverine and the X-Men","series","2009-01-23","2009","2009-11-29","Marvel Studios / Toonz","Nicktoons","Marvel Animation","—","Earth-8096","Earth's Mightiest Heroes","emh","Present / 2039",,"n/a",,"1","26",,,"Greg Johnson","1","6549","oSeJ2nESB77iC6SLo4qcqoadjdt.jpg"
"an-armored-adventures","Iron Man: Armored Adventures","series","2009-04-24","2009","2012-07-25","Method Films / Marvel Animation","Nicktoons","Marvel Animation","—","Unclassified","Unassigned Realities","unclassified","2009–2012",,"n/a",,"2","52",,,"Christopher Yost","0","7330","kIJGgBwh37V2nfgnJFaN7zDIjdv.jpg"
"an-super-hero-squad","The Super Hero Squad Show","series","2009-09-14","2009","2011-10-14","Marvel Animation / Film Roman","Cartoon Network","Marvel Animation","—","Unclassified","Unassigned Realities","unclassified","Super Hero City",,"n/a",,"2","52",,,"Stan Lee (host)","0","21781","3CdaaPZdU1Xv2c6hDaSVWhsXtuO.jpg"
"an-emh","The Avengers: Earth's Mightiest Heroes","series","2010-09-22","2010","2012-11-11","Marvel Animation / Film Roman","Disney XD","Marvel Animation","—","Earth-8096","Earth's Mightiest Heroes","emh","2010–2012",,"n/a",,"2","52",,,"Christopher Yost","1","33623","r1JDhMrqCOZKh7lc0vQlRYQ46cE.jpg"
"an-anime-iron-man","Marvel Anime: Iron Man","series","2010-10-01","2010","2010-12-17","Madhouse","Animax / G4","Marvel Animation","—","Unclassified","Unassigned Realities","unclassified","2010",,"n/a",,"1","12",,,"Yuzo Sato","0","45418","zOTJT7JbzSrMBX2OCGPqUnkQA4y.jpg"
"an-anime-wolverine","Marvel Anime: Wolverine","series","2011-01-07","2011","2011-03-25","Madhouse","Animax / G4","Marvel Animation","—","Unclassified","Unassigned Realities","unclassified","2011",,"n/a",,"1","12",,,"Rintaro","0","38247","dy8w7wSioNAgAykP91hiSGVgxJJ.jpg"
"an-anime-xmen","Marvel Anime: X-Men","series","2011-04-01","2011","2011-06-24","Madhouse","Animax / G4","Marvel Animation","—","Unclassified","Unassigned Realities","unclassified","2011",,"n/a",,"1","12",,,"Rintaro","0","43146","j4MRuaMIpbq8jpXt864R9ebzzuS.jpg"
"an-anime-blade","Marvel Anime: Blade","series","2011-07-01","2011","2011-09-16","Madhouse","Animax / G4","Marvel Animation","—","Unclassified","Unassigned Realities","unclassified","2011",,"n/a",,"1","12",,,"Hiroshi Hamasaki","0","62798","ql9YpFD8J1zeWzLMHHjp4nKKD4n.jpg"
"an-ultimate-spider-man","Ultimate Spider-Man","series","2012-04-01","2012","2017-01-07","Marvel Animation / Film Roman","Disney XD","Marvel Animation","—","Earth-12041","The Marvel Animated Universe","usm","2012–2017",,"n/a",,"4","104",,,"Paul Dini & Brian Bendis","1","34391","jK3pc8XOQT8UgdvSjMFk8xLQOxE.jpg"
"an-avengers-assemble","Marvel's Avengers Assemble","series","2013-05-26","2013","2019-02-24","Marvel Animation","Disney XD","Marvel Animation","—","Earth-12041","The Marvel Animated Universe","usm","2013–2019",,"n/a",,"5","127",,,"Jeph Loeb","3","59427","aVYPq7FSvsdNQOXVIFnndXJPCXn.jpg"
"an-agents-of-smash","Hulk and the Agents of S.M.A.S.H.","series","2013-08-11","2013","2015-06-28","Marvel Animation / Film Roman","Disney XD","Marvel Animation","—","Earth-12041","The Marvel Animated Universe","usm","2013–2015",,"n/a",,"2","52",,,"Paul Dini","1","40044","gkGIiIIkHOeVXzwjBNFTRqTCnqF.jpg"
"an-disk-wars","Marvel Disk Wars: The Avengers","series","2014-04-02","2014","2015-03-25","Toei Animation","TX Network","Marvel Animation","—","Unclassified","Unassigned Realities","unclassified","2014–2015",,"n/a",,"1","51",,,"Toei Animation","0","70801","zXLOo1uKTnC0SUqUTIcIFH15nxZ.jpg"
"an-gotg-2015","Marvel's Guardians of the Galaxy","series","2015-09-05","2015","2019-06-09","Marvel Animation","Disney XD","Marvel Animation","—","Earth-12041","The Marvel Animated Universe","usm","2015–2019",,"n/a",,"3","79",,,"Marvel Animation","1","63181","oXwe3wVhdvvxiixL9UJf6PgBybZ.jpg"
"an-spider-man-2017","Marvel's Spider-Man","series","2017-08-19","2017","2020-10-25","Marvel Animation","Disney XD","Marvel Animation","—","Unclassified","Unassigned Realities","unclassified","2017–2020",,"n/a",,"3","58",,,"Kevin Shinick","0","72705","dKdcyyHUR5WTMnrbPdYN5y9xPVp.jpg"
"an-future-avengers","Marvel Future Avengers","series","2017-07-22","2017","2018-10-22","Madhouse / Disney Japan","Dlife / Tokyo MX","Marvel Animation","—","Unclassified","Unassigned Realities","unclassified","2017–2018",,"n/a",,"2","39",,,"Madhouse","0","91278","buxBvftqx3g57FTYtdrfGSHlWfQ.jpg"
"an-big-hero-6-series","Big Hero 6: The Series","series","2017-11-20","2017","2021-02-15","Disney Television Animation","Disney XD","Disney Marvel Animation","—","Earth-14123","San Fransokyo","bh6","After Big Hero 6",,"n/a",,"3","56",,,"Mark McCorkle & Bob Schooley","1","68665","ldG4xXImCPyv5U5gbRmlB8On842.jpg"
"an-marvel-rising","Marvel Rising: Secret Warriors","film","2018-09-30","2018",,"Marvel Animation","Disney XD","Marvel Animation","—","Unclassified","Unassigned Realities","unclassified","Present day",,"n/a","80",,,,,"Alfred Gimeno","0","491633","rXmc4jvDBU04Wp8r5JMWy3HbhB3.jpg"
"an-super-crooks","Super Crooks","series","2021-11-25","2021","2021-11-25","Bones / Millarworld","Netflix","Millarworld","—","Unclassified","Unassigned Realities","unclassified","Present day",,"n/a",,"1","13",,,"Motonobu Hori","0","127599","8n1Zd4fG1eTf4adUBd7EQVEzWur.jpg"
"an-spidey-amazing-friends","Marvel's Spidey and His Amazing Friends","series","2021-08-06","2021",,"Marvel Animation / Atomic Cartoons","Disney Junior","Marvel Animation","—","Unclassified","Unassigned Realities","unclassified","Present day",,"n/a",,"5","110",,,"Harrison Wilcox","0","127635","etO5jDS5WgR4Y1lTyXhQcilJ6u2.jpg"
"an-moon-girl","Marvel's Moon Girl and Devil Dinosaur","series","2023-02-10","2023","2025-03-08","Disney TV Animation / Marvel Animation","Disney Channel","Marvel Animation","—","Unclassified","Unassigned Realities","unclassified","Present day",,"n/a",,"2","41",,,"Steve Loter","0","92788","1oFkjiF9fT2asKWjRiJtlbhu3hn.jpg"
"an-iron-man-awesome-friends","Iron Man and His Awesome Friends","series","2025-08-11","2025",,"Marvel Studios Animation / Atomic","Disney Junior","Marvel Animation","—","Unclassified","Unassigned Realities","unclassified","Present day",,"n/a",,"1","30",,,"Harrison Wilcox","0","274388","3NlFaIdOkBg2VC3Imi1kbeeGynw.jpg"
